,id,train_seed,test_seed,train_size,test_size,v,target_tree_size,source_tree_size,epochs,decay_factor,alpha_0,test_rmse
0,0.0,1.0,1.0,127.0,424.0,0.03,1.0,1.0,400.0,0.97,1.0,36.64146990664338
1,1.0,1.0,1.0,127.0,424.0,0.03,1.0,1.0,400.0,0.99,1.0,35.19224917676675
2,2.0,1.0,1.0,127.0,424.0,0.03,1.0,1.0,400.0,0.993,1.0,34.912777224630624
3,3.0,1.0,1.0,127.0,424.0,0.03,1.0,1.0,400.0,0.995,1.0,34.81368596204765
4,4.0,1.0,1.0,127.0,424.0,0.03,1.0,1.0,400.0,0.997,1.0,34.649437767342754
5,5.0,1.0,1.0,127.0,424.0,0.03,1.0,1.0,600.0,0.97,1.0,36.51454488269508
