,id,train_seed,test_seed,train_size,test_size,v,target_tree_size,source_tree_size,epochs,decay_factor,alpha_0,test_rmse
0,0.0,1.0,1.0,127.0,424.0,0.005,1.0,1.0,400.0,0.97,1.0,2.356102761241392
1,1.0,1.0,1.0,127.0,424.0,0.005,1.0,1.0,400.0,0.99,1.0,2.266709501816247
2,2.0,1.0,1.0,127.0,424.0,0.005,1.0,1.0,400.0,0.993,1.0,2.203664559014578
3,3.0,1.0,1.0,127.0,424.0,0.005,1.0,1.0,400.0,0.995,1.0,2.1793740708541836
4,4.0,1.0,1.0,127.0,424.0,0.005,1.0,1.0,400.0,0.997,1.0,2.278277270266724
5,5.0,1.0,1.0,127.0,424.0,0.005,1.0,1.0,600.0,0.97,1.0,2.2212192193141322
