,id,train_seed,test_seed,train_size,test_size,v,target_tree_size,source_tree_size,epochs,decay_factor,alpha_0,test_rmse
0,0.0,1.0,1.0,127.0,424.0,0.01,1.0,1.0,400.0,0.97,1.0,2.161402059129953
1,1.0,1.0,1.0,127.0,424.0,0.01,1.0,1.0,400.0,0.99,1.0,1.9290012570511947
2,2.0,1.0,1.0,127.0,424.0,0.01,1.0,1.0,400.0,0.993,1.0,1.8155937527802557
3,3.0,1.0,1.0,127.0,424.0,0.01,1.0,1.0,400.0,0.995,1.0,1.7058732226735207
4,4.0,1.0,1.0,127.0,424.0,0.01,1.0,1.0,400.0,0.997,1.0,1.6975456696616607
5,5.0,1.0,1.0,127.0,424.0,0.01,1.0,1.0,600.0,0.97,1.0,2.1640344111321888
