,id,train_seed,test_seed,train_size,test_size,v,target_tree_size,source_tree_size,epochs,decay_factor,alpha_0,test_rmse
0,0.0,1.0,1.0,127.0,424.0,0.007,1.0,1.0,400.0,0.97,1.0,2.2250268465634364
1,1.0,1.0,1.0,127.0,424.0,0.007,1.0,1.0,400.0,0.99,1.0,2.0299877030862494
2,2.0,1.0,1.0,127.0,424.0,0.007,1.0,1.0,400.0,0.993,1.0,1.9271350998082004
3,3.0,1.0,1.0,127.0,424.0,0.007,1.0,1.0,400.0,0.995,1.0,1.8757554174849163
4,4.0,1.0,1.0,127.0,424.0,0.007,1.0,1.0,400.0,0.997,1.0,1.9457062907567075
5,5.0,1.0,1.0,127.0,424.0,0.007,1.0,1.0,600.0,0.97,1.0,2.188134226051084
