,id,train_seed,test_seed,train_size,test_size,v,target_tree_size,source_tree_size,epochs,decay_factor,alpha_0,test_rmse
0,0.0,1.0,1.0,127.0,424.0,0.01,1.0,1.0,400.0,0.97,1.0,44.65204650031319
1,1.0,1.0,1.0,127.0,424.0,0.01,1.0,1.0,400.0,0.99,1.0,36.98812854207504
2,2.0,1.0,1.0,127.0,424.0,0.01,1.0,1.0,400.0,0.993,1.0,37.08911720430421
3,3.0,1.0,1.0,127.0,424.0,0.01,1.0,1.0,400.0,0.995,1.0,37.54148921703915
4,4.0,1.0,1.0,127.0,424.0,0.01,1.0,1.0,400.0,0.997,1.0,39.15544151975227
5,5.0,1.0,1.0,127.0,424.0,0.01,1.0,1.0,600.0,0.97,1.0,39.628118836281786
