,id,train_seed,test_seed,train_size,test_size,v,target_tree_size,source_tree_size,epochs,decay_factor,alpha_0,test_rmse
0,0.0,1.0,1.0,127.0,424.0,0.005,1.0,1.0,400.0,0.97,1.0,53.372911688616824
1,1.0,1.0,1.0,127.0,424.0,0.005,1.0,1.0,400.0,0.99,1.0,48.40483447469784
2,2.0,1.0,1.0,127.0,424.0,0.005,1.0,1.0,400.0,0.993,1.0,46.57455827226315
3,3.0,1.0,1.0,127.0,424.0,0.005,1.0,1.0,400.0,0.995,1.0,46.805532272591904
4,4.0,1.0,1.0,127.0,424.0,0.005,1.0,1.0,400.0,0.997,1.0,48.69575441355464
5,5.0,1.0,1.0,127.0,424.0,0.005,1.0,1.0,600.0,0.97,1.0,54.31129961317488
