,id,train_seed,test_seed,train_size,test_size,v,target_tree_size,source_tree_size,epochs,decay_factor,alpha_0,test_rmse
0,0.0,1.0,1.0,127.0,424.0,0.07,1.0,1.0,400.0,0.97,1.0,35.51961722359332
1,1.0,1.0,1.0,127.0,424.0,0.07,1.0,1.0,400.0,0.99,1.0,34.75355394088567
2,2.0,1.0,1.0,127.0,424.0,0.07,1.0,1.0,400.0,0.993,1.0,34.79834541725748
3,3.0,1.0,1.0,127.0,424.0,0.07,1.0,1.0,400.0,0.995,1.0,34.864083219152995
4,4.0,1.0,1.0,127.0,424.0,0.07,1.0,1.0,400.0,0.997,1.0,35.112856401997604
5,5.0,1.0,1.0,127.0,424.0,0.07,1.0,1.0,600.0,0.97,1.0,35.46927988940734
