,id,train_seed,test_seed,train_size,test_size,v,target_tree_size,source_tree_size,epochs,decay_factor,alpha_0,test_rmse
0,0.0,1.0,1.0,142.0,475.0,0.01,1.0,1.0,400.0,0.97,1.0,3.0767535135823625
1,1.0,1.0,1.0,142.0,475.0,0.01,1.0,1.0,400.0,0.99,1.0,2.9638149092562824
2,2.0,1.0,1.0,142.0,475.0,0.01,1.0,1.0,400.0,0.993,1.0,2.9118869693668015
