,id,train_seed,test_seed,train_size,test_size,v,target_tree_size,source_tree_size,epochs,decay_factor,alpha_0,test_rmse
0,0.0,0.0,10.0,63.0,424.0,0.07,1.0,3.0,600.0,0.997,1.0,1.9536380975450776
1,1.0,1.0,11.0,63.0,424.0,0.07,1.0,3.0,600.0,0.997,1.0,1.430588742697168
2,2.0,2.0,12.0,63.0,424.0,0.07,1.0,3.0,600.0,0.997,1.0,1.9777489846397314
3,3.0,3.0,13.0,63.0,424.0,0.07,1.0,3.0,600.0,0.997,1.0,2.2943387980491363
4,4.0,4.0,14.0,63.0,424.0,0.07,1.0,3.0,600.0,0.997,1.0,1.3692725028238464
5,5.0,5.0,15.0,63.0,424.0,0.07,1.0,3.0,600.0,0.997,1.0,2.1169366660896327
6,6.0,6.0,16.0,63.0,424.0,0.07,1.0,3.0,600.0,0.997,1.0,1.7051830554830272
