,id,train_seed,test_seed,train_size,test_size,v,target_tree_size,source_tree_size,epochs,decay_factor,alpha_0,test_rmse
0,0.0,1.0,1.0,127.0,424.0,0.03,1.0,1.0,400.0,0.97,1.0,2.1847199580574816
1,1.0,1.0,1.0,127.0,424.0,0.03,1.0,1.0,400.0,0.99,1.0,1.650223035196298
2,2.0,1.0,1.0,127.0,424.0,0.03,1.0,1.0,400.0,0.993,1.0,1.634831797961364
3,3.0,1.0,1.0,127.0,424.0,0.03,1.0,1.0,400.0,0.995,1.0,1.6233190195840554
4,4.0,1.0,1.0,127.0,424.0,0.03,1.0,1.0,400.0,0.997,1.0,1.5831286354919638
5,5.0,1.0,1.0,127.0,424.0,0.03,1.0,1.0,600.0,0.97,1.0,2.1564656599976564
