,id,train_seed,test_seed,train_size,test_size,v,target_tree_size,source_tree_size,epochs,decay_factor,alpha_0,test_rmse
0,0.0,0.0,10.0,76.0,170.0,0.03,2.0,1.0,600.0,0.997,1.0,39.865724639256506
1,1.0,1.0,11.0,76.0,170.0,0.03,2.0,1.0,600.0,0.997,1.0,41.471108552949
2,2.0,2.0,12.0,76.0,170.0,0.03,2.0,1.0,600.0,0.997,1.0,34.22920355060873
3,3.0,3.0,13.0,76.0,170.0,0.03,2.0,1.0,600.0,0.997,1.0,36.657945651400865
4,4.0,4.0,14.0,76.0,170.0,0.03,2.0,1.0,600.0,0.997,1.0,38.313649422486904
5,5.0,5.0,15.0,76.0,170.0,0.03,2.0,1.0,600.0,0.997,1.0,40.904890456400885
6,6.0,6.0,16.0,76.0,170.0,0.03,2.0,1.0,600.0,0.997,1.0,34.86359446279405
