,id,train_seed,test_seed,train_size,test_size,v,target_tree_size,source_tree_size,epochs,decay_factor,alpha_0,test_rmse
0,0.0,0.0,10.0,76.0,170.0,0.03,4.0,4.0,400.0,0.997,1.0,1.7598293884144343
1,1.0,1.0,11.0,76.0,170.0,0.03,4.0,4.0,400.0,0.997,1.0,1.4227895575854332
2,2.0,2.0,12.0,76.0,170.0,0.03,4.0,4.0,400.0,0.997,1.0,1.423865308894303
3,3.0,3.0,13.0,76.0,170.0,0.03,4.0,4.0,400.0,0.997,1.0,1.2969127201040054
4,4.0,4.0,14.0,76.0,170.0,0.03,4.0,4.0,400.0,0.997,1.0,1.3778808738724913
5,5.0,5.0,15.0,76.0,170.0,0.03,4.0,4.0,400.0,0.997,1.0,1.715455127145364
6,6.0,6.0,16.0,76.0,170.0,0.03,4.0,4.0,400.0,0.997,1.0,1.995841523722018
