,id,train_seed,test_seed,train_size,test_size,v,target_tree_size,source_tree_size,epochs,decay_factor,alpha_0,test_rmse
0,0.0,0.0,10.0,85.0,190.0,0.01,4.0,3.0,600.0,0.993,1.0,80.61440803118192
1,1.0,1.0,11.0,85.0,190.0,0.01,4.0,3.0,600.0,0.993,1.0,69.15153458059129
2,2.0,2.0,12.0,85.0,190.0,0.01,4.0,3.0,600.0,0.993,1.0,72.87474643610119
3,3.0,3.0,13.0,85.0,190.0,0.01,4.0,3.0,600.0,0.993,1.0,91.79218841334341
4,4.0,4.0,14.0,85.0,190.0,0.01,4.0,3.0,600.0,0.993,1.0,75.34574182544907
