,id,train_seed,test_seed,train_size,test_size,v,target_tree_size,source_tree_size,epochs,decay_factor,alpha_0,test_rmse
0,0.0,0.0,10.0,85.0,190.0,0.03,1.0,3.0,600.0,0.99,1.0,2.6096919757706325
1,1.0,1.0,11.0,85.0,190.0,0.03,1.0,3.0,600.0,0.99,1.0,2.653859239150545
2,2.0,2.0,12.0,85.0,190.0,0.03,1.0,3.0,600.0,0.99,1.0,2.7177340621716572
3,3.0,3.0,13.0,85.0,190.0,0.03,1.0,3.0,600.0,0.99,1.0,2.779233465099783
4,4.0,4.0,14.0,85.0,190.0,0.03,1.0,3.0,600.0,0.99,1.0,3.1285751289273764
