,id,train_seed,test_seed,train_size,test_size,v,target_tree_size,source_tree_size,epochs,decay_factor,alpha_0,test_rmse
0,0.0,0.0,10.0,85.0,190.0,0.03,1.0,3.0,400.0,0.997,1.0,7.228547661857215
1,1.0,1.0,11.0,85.0,190.0,0.03,1.0,3.0,400.0,0.997,1.0,7.018293776379708
2,2.0,2.0,12.0,85.0,190.0,0.03,1.0,3.0,400.0,0.997,1.0,6.922400342605513
3,3.0,3.0,13.0,85.0,190.0,0.03,1.0,3.0,400.0,0.997,1.0,6.544226955575667
4,4.0,4.0,14.0,85.0,190.0,0.03,1.0,3.0,400.0,0.997,1.0,7.986482682260123
5,5.0,5.0,15.0,85.0,190.0,0.03,1.0,3.0,400.0,0.997,1.0,7.453875511648551
6,6.0,6.0,16.0,85.0,190.0,0.03,1.0,3.0,400.0,0.997,1.0,6.757117604402318
7,7.0,7.0,17.0,85.0,190.0,0.03,1.0,3.0,400.0,0.997,1.0,7.016261527526199
