,id,train_seed,test_seed,train_size,test_size,v,target_tree_size,source_tree_size,epochs,decay_factor,alpha_0,test_rmse
0,0.0,0.0,10.0,76.0,170.0,0.07,1.0,3.0,600.0,0.997,1.0,3.635795158853808
1,1.0,1.0,11.0,76.0,170.0,0.07,1.0,3.0,600.0,0.997,1.0,5.011723632673718
2,2.0,2.0,12.0,76.0,170.0,0.07,1.0,3.0,600.0,0.997,1.0,4.584187582162292
3,3.0,3.0,13.0,76.0,170.0,0.07,1.0,3.0,600.0,0.997,1.0,4.002140050412741
4,4.0,4.0,14.0,76.0,170.0,0.07,1.0,3.0,600.0,0.997,1.0,3.9608675648185425
